Date,Name,Year,Letterboxd URI
2024-03-03,Django Unchained,2012,https://boxd.it/2cCk
2024-03-03,Forrest Gump,1994,https://boxd.it/728
2024-03-03,Fight Club,1999,https://boxd.it/2a9q
2024-03-03,Inception,2010,https://boxd.it/1skk
2024-03-03,The Dark Knight,2008,https://boxd.it/2b0k
2024-03-03,The Dark Knight Rises,2012,https://boxd.it/H3m
2024-03-03,E.T. the Extra-Terrestrial,1982,https://boxd.it/2a1G
2024-03-03,Titanic,1997,https://boxd.it/2a2k
2024-03-03,Blade Runner 2049,2017,https://boxd.it/b8wK
2024-03-03,La La Land,2016,https://boxd.it/a5fa
2024-03-03,John Wick,2014,https://boxd.it/7dEc
2024-03-03,John Wick: Chapter 2,2017,https://boxd.it/ayGu
2024-03-03,John Wick: Chapter 3 – Parabellum,2019,https://boxd.it/gmFw
2024-03-03,Pirates of the Caribbean: The Curse of the Black Pearl,2003,https://boxd.it/70G
2024-03-03,Pirates of the Caribbean: Dead Man's Chest,2006,https://boxd.it/2bfk
2024-03-03,Pirates of the Caribbean: At World's End,2007,https://boxd.it/2aGu
2024-03-03,Pirates of the Caribbean: On Stranger Tides,2011,https://boxd.it/27Z4
2024-03-03,Pirates of the Caribbean: Dead Men Tell No Tales,2017,https://boxd.it/5a9m
2024-03-03,Alice in Wonderland,2010,https://boxd.it/1Spq
2024-03-03,The Social Network,2010,https://boxd.it/17ue
2024-03-03,Jurassic Park,1993,https://boxd.it/2aA2
2024-03-03,The Platform,2019,https://boxd.it/mUm6
2024-03-03,The Truman Show,1998,https://boxd.it/18U8
2024-03-03,Meet Joe Black,1998,https://boxd.it/2aEI
2024-03-03,Fractured,2019,https://boxd.it/kPL2
2024-03-03,The Pianist,2002,https://boxd.it/2aqc
2024-03-03,Prisoners,2013,https://boxd.it/4E5i
2024-03-03,Cloverfield,2008,https://boxd.it/2192
2024-03-03,Arrival,2016,https://boxd.it/aNGk
2024-03-03,The Wolf of Wall Street,2013,https://boxd.it/3C1m
2024-03-03,Drive,2011,https://boxd.it/IG
2024-03-03,Batman v Superman: Dawn of Justice,2016,https://boxd.it/6fBW
2024-09-11,Deadpool & Wolverine,2024,https://boxd.it/jq8s
2024-09-11,Coraline,2009,https://boxd.it/1NhQ
2025-01-23,Nightcrawler,2014,https://boxd.it/780m
2026-01-04,Gone Baby Gone,2007,https://boxd.it/23R6
2026-01-04,Interstellar,2014,https://boxd.it/4VZ8
2026-01-27,American Psycho,2000,https://boxd.it/28Vs
2026-01-27,The Maze Runner,2014,https://boxd.it/5YPM
2026-01-27,Maze Runner: The Scorch Trials,2015,https://boxd.it/9hwA
2026-01-27,Maze Runner: The Death Cure,2018,https://boxd.it/bakw
2026-01-27,Donnie Darko,2001,https://boxd.it/2b2A
2026-01-27,Oldboy,2003,https://boxd.it/29R2
2026-01-27,Uncut Gems,2019,https://boxd.it/gXGc
2026-01-28,F1,2025,https://boxd.it/yjVM
2026-01-28,Blink Twice,2024,https://boxd.it/vIOg
2026-01-28,Parasite,2019,https://boxd.it/hTha
2026-01-28,Barbie,2023,https://boxd.it/bCLK
2026-01-28,Whiplash,2014,https://boxd.it/7bQA
2026-01-28,Everything Everywhere All at Once,2022,https://boxd.it/jUk4
2026-01-28,Oppenheimer,2023,https://boxd.it/wUow
2026-01-28,The Substance,2024,https://boxd.it/zanS
2026-01-28,Get Out,2017,https://boxd.it/eOCm
2026-01-28,Spider-Man: Into the Spider-Verse,2018,https://boxd.it/azpY
2026-01-28,Joker,2019,https://boxd.it/h4cS
2026-01-28,10 Things I Hate About You,1999,https://boxd.it/23AO
2026-01-28,The Batman,2022,https://boxd.it/eDGs
2026-01-28,Spider-Man: Across the Spider-Verse,2023,https://boxd.it/kSz4
2026-01-28,Se7en,1995,https://boxd.it/29zs
2026-01-28,Good Will Hunting,1997,https://boxd.it/2ahY
2026-01-28,Inglourious Basterds,2009,https://boxd.it/1JzG
2026-01-28,The Perks of Being a Wallflower,2012,https://boxd.it/2ZA8
2026-01-28,(500) Days of Summer,2009,https://boxd.it/1EmM
2026-01-28,Shutter Island,2010,https://boxd.it/1U82
2026-01-28,The Menu,2022,https://boxd.it/lScm
2026-01-28,Once Upon a Time... in Hollywood,2019,https://boxd.it/gH0O
2026-01-28,The Godfather,1972,https://boxd.it/2aNK
2026-01-28,Spider-Man: No Way Home,2021,https://boxd.it/nwRw
2026-01-28,Fantastic Mr. Fox,2009,https://boxd.it/1WyQ
2026-01-28,Avengers: Infinity War,2018,https://boxd.it/9vEe
2026-01-28,Avengers: Endgame,2019,https://boxd.it/9vE4
2026-01-28,The Shawshank Redemption,1994,https://boxd.it/2aHi
2026-01-28,Baby Driver,2017,https://boxd.it/bhF2
2026-01-28,Hereditary,2018,https://boxd.it/hNVe
2026-01-28,Mickey 17,2025,https://boxd.it/q1Dk
2026-01-28,The Hunger Games,2012,https://boxd.it/2uds
2026-01-28,Inside Out,2015,https://boxd.it/4KHC
2026-01-28,The Notebook,2004,https://boxd.it/1UNE
2026-01-28,Back to the Future,1985,https://boxd.it/2b8e
2026-01-28,Guardians of the Galaxy,2014,https://boxd.it/3VH2
2026-01-28,Avatar,2009,https://boxd.it/1Efm
2026-01-28,Home Alone,1990,https://boxd.it/29Fg
2026-01-28,Up,2009,https://boxd.it/1OEc
2026-01-28,It,2017,https://boxd.it/bC8e
2026-01-28,Black Panther,2018,https://boxd.it/8MHs
2026-01-28,No Country for Old Men,2007,https://boxd.it/21ew
2026-01-28,WALL·E,2008,https://boxd.it/1VEo
2026-01-28,Deadpool,2016,https://boxd.it/9fOC
2026-01-28,Us,2019,https://boxd.it/gnV6
2026-01-28,Catch Me If You Can,2002,https://boxd.it/29VS
2026-01-28,Spider-Man: Homecoming,2017,https://boxd.it/aboM
2026-01-28,Bullet Train,2022,https://boxd.it/qW26
2026-01-28,Mad Max: Fury Road,2015,https://boxd.it/2DjO
2026-01-28,How to Lose a Guy in 10 Days,2003,https://boxd.it/1XwG
2026-01-28,Top Gun: Maverick,2022,https://boxd.it/cjr4
2026-01-28,Guardians of the Galaxy Vol. 3,2023,https://boxd.it/fVNI
2026-01-28,Don't Look Up,2021,https://boxd.it/o0Hc
2026-01-28,The Avengers,2012,https://boxd.it/1xFW
2026-01-28,Superbad,2007,https://boxd.it/20hO
2026-01-28,Spider-Man,2002,https://boxd.it/2a8i
2026-01-28,X,2022,https://boxd.it/sxVa
2026-01-28,Tangled,2010,https://boxd.it/15gO
2026-01-28,Toy Story,1995,https://boxd.it/29qA
2026-01-28,Iron Man,2008,https://boxd.it/28dA
2026-01-28,Spider-Man: Far From Home,2019,https://boxd.it/fegG
2026-01-28,The Incredibles,2004,https://boxd.it/1XLm
2026-01-28,Thor: Ragnarok,2017,https://boxd.it/8MHi
2026-01-28,"Monsters, Inc.",2001,https://boxd.it/2a46
2026-01-28,Finding Nemo,2003,https://boxd.it/72i
2026-01-28,Spider-Man 2,2004,https://boxd.it/2a88
2026-01-28,Doctor Strange in the Multiverse of Madness,2022,https://boxd.it/gaTc
2026-01-28,Captain America: Civil War,2016,https://boxd.it/89Ja
2026-01-28,Tenet,2020,https://boxd.it/leq4
2026-01-28,Guardians of the Galaxy Vol. 2,2017,https://boxd.it/8MxC
2026-01-28,Scarface,1983,https://boxd.it/2b7g
2026-01-28,About Time,2013,https://boxd.it/43bI
2026-01-28,A Quiet Place,2018,https://boxd.it/fVJQ
2026-01-28,There Will Be Blood,2007,https://boxd.it/20Z2
2026-01-28,Wonka,2023,https://boxd.it/tCQm
2026-01-28,Captain America: The Winter Soldier,2014,https://boxd.it/3r58
2026-01-28,A Minecraft Movie,2025,https://boxd.it/zRro
2026-01-28,The Departed,2006,https://boxd.it/28MA
2026-01-28,Zootopia,2016,https://boxd.it/84xS
2026-01-28,The Conjuring,2013,https://boxd.it/4sr2
2026-01-28,Split,2016,https://boxd.it/dgSy
2026-01-28,How to Train Your Dragon,2010,https://boxd.it/1WRy
2026-01-28,The Hangover,2009,https://boxd.it/1GjK
2026-01-28,The Super Mario Bros. Movie,2023,https://boxd.it/i8C8
2026-01-28,The Amazing Spider-Man,2012,https://boxd.it/27PI
2026-01-28,This Is the End,2013,https://boxd.it/3GB4
2026-01-28,Run,2020,https://boxd.it/jVM4
2026-01-28,It Follows,2014,https://boxd.it/87wo
2026-01-28,Gran Turismo,2023,https://boxd.it/B2lS
2026-01-28,Five Nights at Freddy's,2023,https://boxd.it/ikHu
2026-01-28,Five Nights at Freddy's 2,2025,https://boxd.it/KEvY
2026-01-28,Avengers: Age of Ultron,2015,https://boxd.it/3qi6
2026-01-28,Talk to Me,2022,https://boxd.it/C6uQ
2026-01-28,Heretic,2024,https://boxd.it/H1lY
2026-01-28,Marriage Story,2019,https://boxd.it/hJAw
2026-01-28,Cars,2006,https://boxd.it/29ho
2026-01-28,The Martian,2015,https://boxd.it/8SeG
2026-01-28,Your Name.,2016,https://boxd.it/cUqs
2026-01-28,Captain America: The First Avenger,2011,https://boxd.it/28b0
2026-01-28,Deadpool 2,2018,https://boxd.it/dlLM
2026-01-28,The Black Phone,2021,https://boxd.it/sqFE
2026-01-28,Charlie and the Chocolate Factory,2005,https://boxd.it/2b68
2026-01-28,No Hard Feelings,2023,https://boxd.it/xouu
2026-01-28,Moana,2016,https://boxd.it/8tfY
2026-01-28,Frozen,2013,https://boxd.it/3GNa
2026-01-28,Ocean's Eleven,2001,https://boxd.it/2aZm
2026-01-28,Smile,2022,https://boxd.it/xjfE
2026-01-28,Toy Story 3,2010,https://boxd.it/1WRe
2026-01-28,Ant-Man,2015,https://boxd.it/3vmW
2026-01-28,Luca,2021,https://boxd.it/ipjC
2026-01-28,Kung Fu Panda,2008,https://boxd.it/1Yws
2026-01-28,The Nice Guys,2016,https://boxd.it/94Hg
2026-01-28,Pretty Woman,1990,https://boxd.it/2b6M
2026-01-28,Kingsman: The Secret Service,2014,https://boxd.it/6dxe
2026-01-28,Toy Story 2,1999,https://boxd.it/29qq
2026-01-28,All Quiet on the Western Front,2022,https://boxd.it/H08
2026-01-28,Raiders of the Lost Ark,1981,https://boxd.it/2bbs
2026-01-28,Thor,2011,https://boxd.it/1WQU
2026-01-28,White Chicks,2004,https://boxd.it/1SpK
2026-01-28,The Fall Guy,2024,https://boxd.it/s0Bm
2026-01-28,Suicide Squad,2016,https://boxd.it/9row
2026-01-28,Twisters,2024,https://boxd.it/qV7a
2026-01-28,The Amazing Spider-Man 2,2014,https://boxd.it/3utM
2026-01-28,Train to Busan,2016,https://boxd.it/dSQU
2026-01-28,Mr. & Mrs. Smith,2005,https://boxd.it/29CG
2026-01-28,Me Before You,2016,https://boxd.it/9n98
2026-01-28,Incredibles 2,2018,https://boxd.it/7IPg
2026-01-28,Now You See Me,2013,https://boxd.it/2Bsu
2026-01-28,Ready or Not,2019,https://boxd.it/kOf0
2026-01-28,Guns Akimbo,2019,https://boxd.it/gkFu
2026-01-28,Now You See Me 2,2016,https://boxd.it/99fw
2026-01-28,The Lego Movie,2014,https://boxd.it/4pDO
2026-01-28,Trap,2024,https://boxd.it/D4nK
2026-01-28,21 Jump Street,2012,https://boxd.it/J0
2026-01-28,The Big Short,2015,https://boxd.it/ajZw
2026-01-28,Venom,2018,https://boxd.it/b8wA
2026-01-28,School of Rock,2003,https://boxd.it/28xK
2026-01-28,The Parent Trap,1998,https://boxd.it/1XJq
2026-01-28,Sing,2016,https://boxd.it/b5EQ
2026-01-28,The Lost Bus,2025,https://boxd.it/KYKE
2026-01-28,Late Night with the Devil,2023,https://boxd.it/zo6G
2026-01-28,Bird Box,2018,https://boxd.it/eh1i
2026-01-28,Pet Sematary,2019,https://boxd.it/4W0q
2026-01-28,Winnie the Pooh: Blood and Honey,2023,https://boxd.it/B1rg
2026-01-28,The Imitation Game,2014,https://boxd.it/6aig
2026-01-28,Zoolander,2001,https://boxd.it/1YMA
2026-01-28,Megamind,2010,https://boxd.it/16Sk
2026-01-28,Night at the Museum,2006,https://boxd.it/28wi
2026-01-28,Sicario,2015,https://boxd.it/8i7u
2026-01-28,50 First Dates,2004,https://boxd.it/285c
2026-01-28,Grown Ups,2010,https://boxd.it/169a
2026-01-28,Happy Gilmore 2,2025,https://boxd.it/M8PQ
2026-01-28,Happy Gilmore,1996,https://boxd.it/1Yey
2026-01-28,Hotel Transylvania,2012,https://boxd.it/2DF6
2026-01-28,Click,2006,https://boxd.it/1YVM
2026-01-28,Just Go with It,2011,https://boxd.it/Doq
2026-01-28,Murder Mystery,2019,https://boxd.it/iEBm
2026-01-28,Hustle,2022,https://boxd.it/qpig
2026-01-28,Grown Ups 2,2013,https://boxd.it/3GAq
2026-01-28,Pixels,2015,https://boxd.it/7BaA
2026-01-28,Big Daddy,1999,https://boxd.it/1ZkW
2026-01-28,Blended,2014,https://boxd.it/6QQY
2026-01-28,Hubie Halloween,2020,https://boxd.it/mQwm
2026-01-28,That's My Boy,2012,https://boxd.it/35IW
2026-01-28,You Don't Mess with the Zohan,2008,https://boxd.it/1VHs
2026-01-28,The Longest Yard,2005,https://boxd.it/1Z3c
2026-01-28,Bedtime Stories,2008,https://boxd.it/1WPM
2026-01-28,The Waterboy,1998,https://boxd.it/1VHi
2026-01-28,Jack and Jill,2011,https://boxd.it/2pQu
2026-01-28,Mr. Deeds,2002,https://boxd.it/27BQ
2026-01-28,I Now Pronounce You Chuck & Larry,2007,https://boxd.it/25cE
2026-01-28,Zookeeper,2011,https://boxd.it/16gq
2026-01-28,The Do-Over,2016,https://boxd.it/dA2C
2026-01-28,The Ridiculous 6,2015,https://boxd.it/bFXk
2026-01-28,Sandy Wexler,2017,https://boxd.it/ePz4
2026-01-28,We're the Millers,2013,https://boxd.it/4srQ
2026-01-28,Bruce Almighty,2003,https://boxd.it/2aCC
2026-01-28,Storks,2016,https://boxd.it/aUo8
2026-01-28,The Mask,1994,https://boxd.it/29rS
2026-01-28,Sonic the Hedgehog,2020,https://boxd.it/gdK8
2026-01-28,Dumb and Dumber,1994,https://boxd.it/206m
2026-01-28,Liar Liar,1997,https://boxd.it/28sg
2026-01-28,Lemony Snicket's A Series of Unfortunate Events,2004,https://boxd.it/1T7s
2026-01-28,Kick-Ass 2,2013,https://boxd.it/hqu
2026-01-28,Dumb and Dumber To,2014,https://boxd.it/3qPk
2026-01-28,World War Z,2013,https://boxd.it/2p2E
2026-01-28,Fury,2014,https://boxd.it/6JwC
2026-01-28,Free Guy,2021,https://boxd.it/k8dm
2026-01-28,Coach Carter,2005,https://boxd.it/218e
2026-01-28,Step Up,2006,https://boxd.it/1XS8
2026-01-28,White House Down,2013,https://boxd.it/3TOg
2026-01-28,Miss Peregrine's Home for Peculiar Children,2016,https://boxd.it/8KPu
2026-01-28,Turbo,2013,https://boxd.it/2Hzw
2026-01-28,Ready Player One,2018,https://boxd.it/aZes
2026-01-28,The Terminal,2004,https://boxd.it/2a2O
2026-01-28,War of the Worlds,2005,https://boxd.it/2bde
2026-01-28,The Adventures of Tintin,2011,https://boxd.it/1Irc
2026-01-28,Ted,2012,https://boxd.it/2pgc
2026-01-28,Uncharted,2022,https://boxd.it/b5Dy
2026-01-28,Ted 2,2015,https://boxd.it/6oCY
2026-01-28,The Happening,2008,https://boxd.it/200o
2026-01-28,Fear,1996,https://boxd.it/1W0a
2026-01-28,Daddy's Home,2015,https://boxd.it/8jSc
2026-01-28,Daddy's Home 2,2017,https://boxd.it/ePpI
2026-01-28,Pain & Gain,2013,https://boxd.it/4lp4
2026-01-28,Spenser Confidential,2020,https://boxd.it/log4
2026-01-28,The Gambler,2014,https://boxd.it/8NUi
2026-01-28,Old,2021,https://boxd.it/npKI
2026-01-28,The Visit,2015,https://boxd.it/9ssO
2026-01-28,After Earth,2013,https://boxd.it/2TSg
2026-01-28,The Fast and the Furious: Tokyo Drift,2006,https://boxd.it/1Yeo
2026-01-28,The Irishman,2019,https://boxd.it/dYOq
2026-01-28,Meet the Fockers,2004,https://boxd.it/29NE
2026-01-28,Dirty Grandpa,2016,https://boxd.it/99pG
2026-01-28,Underdogs,2013,https://boxd.it/4Pck
2026-01-28,Wild Tales,2014,https://boxd.it/7UmK
2026-01-28,Carry-On,2024,https://boxd.it/C0B2
2026-01-28,The Long Walk,2025,https://boxd.it/mic8
2026-01-28,Zombieland,2009,https://boxd.it/1En6
2026-01-28,The Pursuit of Happyness,2006,https://boxd.it/28PE
2026-01-28,Jurassic World,2015,https://boxd.it/4n0g
2026-01-28,Rocky,1976,https://boxd.it/28Uk
2026-01-28,Wreck-It Ralph,2012,https://boxd.it/2TTS
2026-01-28,Back to the Future Part II,1989,https://boxd.it/2aYI
2026-01-28,Back to the Future Part III,1990,https://boxd.it/2aTS
2026-01-28,Stuart Little,1999,https://boxd.it/1WZW
2026-01-28,X-Men: Days of Future Past,2014,https://boxd.it/4aRw
2026-01-28,Enchanted,2007,https://boxd.it/24co
2026-01-28,Hop,2011,https://boxd.it/DQa
2026-01-28,Death at a Funeral,2010,https://boxd.it/1dem
2026-01-28,I Am Legend,2007,https://boxd.it/21DG
2026-01-28,Kick-Ass,2010,https://boxd.it/1zaQ
2026-01-28,Lord of War,2005,https://boxd.it/284y
2026-01-28,Ghost Rider,2007,https://boxd.it/290M
2026-01-28,Next,2007,https://boxd.it/28bY
2026-01-28,The Unbearable Weight of Massive Talent,2022,https://boxd.it/o6eK
2026-01-28,War Dogs,2016,https://boxd.it/9SlO
2026-01-28,Project X,2012,https://boxd.it/neO
2026-01-28,Only the Brave,2017,https://boxd.it/dRqw
2026-01-28,Footloose,2011,https://boxd.it/2cnk
2026-01-28,Footloose,1984,https://boxd.it/288A
2026-01-28,A Silent Voice: The Movie,2016,https://boxd.it/d99c
2026-01-28,The Sadness,2021,https://boxd.it/tcHe
2026-01-29,Jumanji,1995,https://boxd.it/1ZLI
2026-01-29,Freaky Friday,2003,https://boxd.it/1WwK
2026-01-29,Paddington,2014,https://boxd.it/3RKw
2026-01-29,Matilda,1996,https://boxd.it/1VhY
2026-01-29,The Killer,2023,https://boxd.it/u6WE
2026-01-29,Monsters University,2013,https://boxd.it/bQm
2026-01-29,Fantastic Beasts and Where to Find Them,2016,https://boxd.it/7FPC
2026-01-29,Jumanji: Welcome to the Jungle,2017,https://boxd.it/bUeE
2026-01-29,Men in Black,1997,https://boxd.it/2a0I
2026-01-29,Polar,2019,https://boxd.it/hoZg
2026-01-29,100 METERS,2025,https://boxd.it/NpbA
2026-01-29,Frieren: Beyond Journey's End,2023,https://boxd.it/MbNo
2026-01-29,I Want to Eat Your Pancreas,2018,https://boxd.it/ie6C
2026-01-29,Rango,2011,https://boxd.it/QPk
2026-01-29,The Fast and the Furious,2001,https://boxd.it/1XMu
2026-01-29,Cars 2,2011,https://boxd.it/H4Y
2026-01-29,Scary Movie,2000,https://boxd.it/24CG
2026-01-29,Enola Holmes,2020,https://boxd.it/hX2o
2026-01-29,Venom: Let There Be Carnage,2021,https://boxd.it/llco
2026-01-29,Edge of Tomorrow,2014,https://boxd.it/4pD0
2026-01-29,The Naked Gun,2025,https://boxd.it/Da9k
2026-01-30,Ocean's Twelve,2004,https://boxd.it/2aZ2
2026-01-30,Kill Bill: Vol. 1,2003,https://boxd.it/70w
2026-01-31,The Woman in the Line,2025,https://boxd.it/JgZy
2026-02-01,Transformers,2007,https://boxd.it/280c
2026-02-01,The Incredible Hulk,2008,https://boxd.it/28dU
2026-02-01,High School Musical,2006,https://boxd.it/1V0y
2026-02-01,Shazam!,2019,https://boxd.it/8WBu
2026-02-01,Hocus Pocus,1993,https://boxd.it/1Wgi
2026-02-01,Insidious,2010,https://boxd.it/H4k
2026-02-01,Maleficent,2014,https://boxd.it/3v1u
2026-02-01,Monster House,2006,https://boxd.it/1Z2e
2026-02-01,Baby Reindeer,2024,https://boxd.it/MwSa
2026-02-01,The Conjuring: The Devil Made Me Do It,2021,https://boxd.it/eXZY
2026-02-01,Cloudy with a Chance of Meatballs,2009,https://boxd.it/1A40
2026-02-01,Jurassic World: Fallen Kingdom,2018,https://boxd.it/bOnU
2026-02-01,Pacific Rim,2013,https://boxd.it/2cB2
2026-02-01,Black Phone 2,2025,https://boxd.it/JpbW
2026-02-01,Rush Hour,1998,https://boxd.it/27pU
2026-02-01,8 Mile,2002,https://boxd.it/2bew
2026-02-01,The Devil All the Time,2020,https://boxd.it/i2tY
2026-02-01,Minions,2015,https://boxd.it/6jCO
2026-02-01,[REC],2007,https://boxd.it/20ma
2026-02-01,Bolt,2008,https://boxd.it/1QXg
2026-02-01,Freakier Friday,2025,https://boxd.it/GxwW
2026-02-01,Fantastic Beasts: The Crimes of Grindelwald,2018,https://boxd.it/bg8G
2026-02-01,When Evil Lurks,2023,https://boxd.it/rXBe
2026-02-01,Pokémon Detective Pikachu,2019,https://boxd.it/fVA0
2026-02-01,The Guilty,2021,https://boxd.it/kOPW
2026-02-01,American Sniper,2014,https://boxd.it/5LDy
2026-02-01,Spree,2020,https://boxd.it/oiiO
2026-02-01,Mufasa: The Lion King,2024,https://boxd.it/sE9C
2026-02-01,Blade,1998,https://boxd.it/1a8A
2026-02-01,Love and Monsters,2020,https://boxd.it/lJ6E
2026-02-01,The Internship,2013,https://boxd.it/3SWS
2026-02-01,American Assassin,2017,https://boxd.it/eFLE
2026-02-01,The Kissing Booth,2018,https://boxd.it/geR0
2026-02-01,Zombieland: Double Tap,2019,https://boxd.it/bgb6
2026-02-01,127 Hours,2010,https://boxd.it/SLa
2026-02-01,Road House,2024,https://boxd.it/cdzQ
2026-02-01,The Adam Project,2022,https://boxd.it/q2Dg
2026-02-01,Hush,2016,https://boxd.it/d5ys
2026-02-01,In Time,2011,https://boxd.it/FPS
2026-02-01,Alvin and the Chipmunks,2007,https://boxd.it/21E0
2026-02-01,Percy Jackson & the Olympians: The Lightning Thief,2010,https://boxd.it/1gJi
2026-02-01,Chicken Little,2005,https://boxd.it/1Xnu
2026-02-01,17 Again,2009,https://boxd.it/1Jnq
2026-02-01,The Karate Kid,2010,https://boxd.it/15HA
2026-02-01,Morbius,2022,https://boxd.it/j978
2026-02-01,Limitless,2011,https://boxd.it/Aly
2026-02-01,The Falcon and the Winter Soldier,2021,https://boxd.it/sbH6
2026-02-01,The Croods,2013,https://boxd.it/FRE
2026-02-01,Men in Black II,2002,https://boxd.it/2a0y
2026-02-01,Forgetting Sarah Marshall,2008,https://boxd.it/1XEq
2026-02-01,Southpaw,2015,https://boxd.it/9Phu
2026-02-01,Straight Outta Compton,2015,https://boxd.it/8rMc
2026-02-01,The Cat in the Hat,2003,https://boxd.it/1VSU
2026-02-01,Wallace & Gromit: The Curse of the Were-Rabbit,2005,https://boxd.it/2ac0
2026-02-01,The Secret Life of Pets,2016,https://boxd.it/aJ5E
2026-02-01,The Beekeeper,2024,https://boxd.it/wJzS
2026-02-01,Chronicle,2012,https://boxd.it/2Emk
2026-02-01,Neighbors,2014,https://boxd.it/5Txe
2026-02-01,Warm Bodies,2013,https://boxd.it/2TFm
2026-02-01,Focus,2015,https://boxd.it/7zl2
2026-02-01,The Impossible,2012,https://boxd.it/2N9k
2026-02-01,Incantation,2022,https://boxd.it/wFiI
2026-02-01,Hancock,2008,https://boxd.it/1Zv6
2026-02-01,Aquaman and the Lost Kingdom,2023,https://boxd.it/l1LS
2026-02-01,Bad Boys,1995,https://boxd.it/1XVG
2026-02-01,Dumb Money,2023,https://boxd.it/tNdU
2026-02-01,Kraven the Hunter,2024,https://boxd.it/jGuE
2026-02-01,Camp Rock,2008,https://boxd.it/1PHw
2026-02-01,Bad Boys: Ride or Die,2024,https://boxd.it/l3Ki
2026-02-01,Descendants,2015,https://boxd.it/8rMm
2026-02-01,Unfriended,2014,https://boxd.it/8sXg
2026-02-01,Baywatch,2017,https://boxd.it/biG6
2026-02-01,Rush Hour 2,2001,https://boxd.it/23ga
2026-02-01,Central Intelligence,2016,https://boxd.it/9DFE
2026-02-01,Red Notice,2021,https://boxd.it/ixtq
2026-02-01,Red One,2024,https://boxd.it/vTBM
2026-02-01,San Andreas,2015,https://boxd.it/7sUa
2026-02-01,The Game Plan,2007,https://boxd.it/1PDY
2026-02-01,Journey 2: The Mysterious Island,2012,https://boxd.it/2o8m
2026-02-01,Tooth Fairy,2010,https://boxd.it/1zKE
2026-02-01,Home,2015,https://boxd.it/6JxA
2026-02-01,Sisu,2022,https://boxd.it/vHpu
2026-02-01,The Kissing Booth 2,2020,https://boxd.it/lrky
2026-02-01,Caddo Lake,2024,https://boxd.it/wDSu
2026-02-01,Jack Reacher,2012,https://boxd.it/2BUo
2026-02-01,The Equalizer,2014,https://boxd.it/4TUK
2026-02-01,Bad Boys II,2003,https://boxd.it/1ZuW
2026-02-01,Paul Blart: Mall Cop,2009,https://boxd.it/1NQw
2026-02-01,The Purge: Election Year,2016,https://boxd.it/ae5I
2026-02-01,American Made,2017,https://boxd.it/bb66
2026-02-01,The Tomorrow War,2021,https://boxd.it/lE78
2026-02-01,Babe,1995,https://boxd.it/1Yh8
2026-02-01,6 Underground,2019,https://boxd.it/irU6
2026-02-01,Greenland,2020,https://boxd.it/j1Um
2026-02-01,JUJUTSU KAISEN,2020,https://boxd.it/sOve
2026-02-05,The Accountant,2016,https://boxd.it/9EhI
